DW100,Bottles,
DW101,Bottles,
DW103,Bottles,
DW104,Bottles,
DW105,Bottles,
DW201,Bottles,
DW300,Tumblers,
DW301,Tumblers,
DW302,Bottles,
DW303,Bottles,
DW304,Bottles,
DW305,Bottles,
DW306,Bottles,
DW307,Bottles,
DW308,Bottles,
DW309,Bottles,
DW310,Bottles,
DW311,Bottles,
DW312,Tumblers,
DW313,Bottles,
DW314,Bottles,
DW316,Bottles,Cups
DW317,Bottles,Cups
DW319,Bottles,
DW320,Bottles,
DW321,Bottles,
DW322,Bottles,
DW323,Bottles,
DW324,Bottles,
DW325,Bottles,
DW326,Bottles,
DW400,Cups,
DW401,Tumblers,
DW402,Tumblers,
DW403,Cups,
DW404,Cups,
DW405,Tumblers,
DW406,Mugs,
DW407,Mugs,
DW409,Tumblers,Beverage Insulators
DW410,Tumblers,
DW411,Mugs,
DW412,Tumblers,
DW413,Cups,
DW414,Mugs,
DW415,Mugs,
DW416,Mugs,
DW417,Cups,
DW418,Tumblers,
DW420,Mugs,
DW500,Tumblers,
DW502,Cups,
DW603,Cups,
DW604,Cups,
DW700,Tumblers,
EC141,Mats,
GF752,Exercise Equipment,Kits-Other
GF764,Bottles,Tumblers
GF785,Mats,Bottles
GF786,Mats,Bottles
HW903,Key Chains / Rings,Tools
HW912,Dispensers,
HW921U,Hand Sanitizers,
HW922U,Hand Sanitizers,
HW923U,Hand Sanitizers,
HW932U,Hand Sanitizers,
HW934U,Hand Sanitizers,
HW936U,Hand Sanitizers,
HW991,Soap,Hygiene Kits
HW992,Hygiene Kits,
HW105,Mats,
HW108,Balls,
HW116,Fanny Packs,Bags